{"cameraMode":{"drawMode":0,"name":"Shaded","section":"Shading Mode"},"sceneLighting":true,"audioPlay":false,"sceneViewState":{"showFog":true,"showMaterialUpdate":false,"showSkybox":true,"showFlares":true,"showImageEffects":true,"showParticleSystems":true},"in2DMode":false,"pivot":{"x":0.47901010513305666,"y":-6.002720832824707,"z":15.741945266723633},"rotation":{"x":0.33463236689567568,"y":-0.21908122301101685,"z":0.08029709756374359,"w":0.9130043983459473},"size":13.938220024108887,"orthographic":false}